{"cameraMode":{"drawMode":0,"name":"Shaded","section":"Shading Mode"},"sceneLighting":true,"audioPlay":false,"sceneViewState":{"m_AlwaysRefresh":false,"showFog":true,"showSkybox":true,"showFlares":true,"showImageEffects":true,"showParticleSystems":true,"showVisualEffectGraphs":true,"m_FxEnabled":true},"in2DMode":false,"pivot":{"x":3.2106196880340578,"y":0.9081546068191528,"z":1.3364830017089844},"rotation":{"x":0.0072160810232162479,"y":0.27250152826309206,"z":-0.002043799962848425,"w":0.9621261358261108},"size":1.4491069316864014,"orthographic":false}